time,pair,profit,buy_exchange,sell_exchange,slippage,maker_fee,taker_fee
18:54:16,DOT/USDT,4.6487559155321545,coinex,bittrex,0.005,0.002,0.002
18:55:07,DOT/USDT,4.450208723380333,binance,bittrex,0.005,0.002,0.002
18:55:28,DOT/USDT,3.2030642972963985,gateio,bittrex,0.005,0.002,0.002
18:55:52,DOT/USDT,3.3918980292055423,binance,bittrex,0.005,0.002,0.002
18:56:14,DOT/USDT,3.334610032469687,gateio,bittrex,0.005,0.002,0.002
18:56:37,DOT/USDT,3.280504410946561,binance,bittrex,0.005,0.002,0.002
18:56:59,DOT/USDT,3.310324952797372,gateio,bittrex,0.005,0.002,0.002
